party_id,time,level,job,spec,map,date,valid,spec_to_level
0,오후 3:40,,썬콜,,불어전,2024-12-07,False,
0,오후 3:40,,프리스트,,불어전,2024-12-07,False,
4,오후 3:30,,허밋,,붉켄,2024-12-07,False,
5,오후 3:31,,허밋,2109,,2024-12-07,False,
6,오후 3:31,117,레인저,2950,오징어,2024-12-07,True,25.213675213675213
6,오후 3:31,117,크루세이더,3696,오징어,2024-12-07,True,31.58974358974359
6,오후 3:31,127,허밋,2096,오징어,2024-12-07,True,16.503937007874015
6,오후 3:31,109,허밋,2300,오징어,2024-12-07,True,21.10091743119266
7,오후 3:31,83,저격수,,듀파,2024-12-07,False,
7,오후 3:31,96,크루세이더,,듀파,2024-12-07,False,
7,오후 3:31,96,허밋,,듀파,2024-12-07,False,
7,오후 3:31,93,용기사,,듀파,2024-12-07,False,
9,오후 3:31,,썬콜,877,망용둥,2024-12-07,False,
10,오후 3:31,133,크루세이더,,망둥어,2024-12-07,False,
10,오후 3:31,125,크루세이더,,망둥어,2024-12-07,False,
11,오후 3:31,125,저격수,,망용둥,2024-12-07,False,
11,오후 3:31,,용기사,,망용둥,2024-12-07,False,
12,오후 3:31,125,허밋,,위용둥,2024-12-07,False,
16,오후 3:31,101,레인저,,듀파,2024-12-07,False,
16,오후 3:31,101,용기사,,듀파,2024-12-07,False,
18,오후 3:31,149,프리스트,910,불어전,2024-12-07,True,6.10738255033557
19,오후 3:31,131,프리스트,815,불어전,2024-12-07,True,6.221374045801527
20,오후 3:31,112,레인저,,레와둥,2024-12-07,False,
20,오후 3:31,138,나이트,,레와둥,2024-12-07,False,
22,오후 3:31,120,레인저,,레와둥,2024-12-07,False,
22,오후 3:31,127,나이트,,레와둥,2024-12-07,False,
24,오후 3:31,,나이트,,,2024-12-07,False,
25,오후 3:31,104,레인저,,,2024-12-07,False,
25,오후 3:31,93,썬콜,,,2024-12-07,False,
27,오후 3:32,84,레인저,2450,듀파,2024-12-07,True,29.166666666666668
27,오후 3:32,84,허밋,2800,듀파,2024-12-07,True,33.333333333333336
27,오후 3:32,84,나이트,2800,듀파,2024-12-07,True,33.333333333333336
28,오후 3:32,117,레인저,,,2024-12-07,False,
29,오후 3:32,,저격수,,,2024-12-07,False,
31,오후 3:32,127,크루세이더,,,2024-12-07,False,
32,오후 3:32,121,레인저,3250,망둥어,2024-12-07,True,26.859504132231404
33,오후 3:32,113,썬콜,,불어전,2024-12-07,False,
33,오후 3:32,135,프리스트,,불어전,2024-12-07,False,
33,오후 3:32,135,썬콜,,불어전,2024-12-07,False,
34,오후 3:32,104,허밋,,붉켄,2024-12-07,False,
34,오후 3:32,109,저격수,,붉켄,2024-12-07,False,
34,오후 3:32,109,프리스트,,붉켄,2024-12-07,False,
35,오후 3:32,119,용기사,4152,오징어,2024-12-07,True,34.890756302521005
35,오후 3:32,103,크루세이더,3750,오징어,2024-12-07,True,36.407766990291265
35,오후 3:32,126,허밋,1900,오징어,2024-12-07,True,15.079365079365079
35,오후 3:32,,허밋,2276,오징어,2024-12-07,False,
42,오후 3:32,,레인저,,레와둥,2024-12-07,False,
44,오후 3:32,,허밋,2220,푸켄,2024-12-07,False,
47,오후 3:32,101,레인저,2750,오징어,2024-12-07,True,27.22772277227723
47,오후 3:32,111,레인저,2350,오징어,2024-12-07,True,21.17117117117117
47,오후 3:32,101,레인저,2450,오징어,2024-12-07,True,24.257425742574256
47,오후 3:32,,허밋,1800,오징어,2024-12-07,False,
49,오후 3:32,,크루세이더,,듀파,2024-12-07,False,
50,오후 3:32,129,허밋,,협동,2024-12-07,False,
50,오후 3:32,129,썬콜,,협동,2024-12-07,False,
50,오후 3:32,,불독,,협동,2024-12-07,False,
52,오후 3:33,98,레인저,,듀파,2024-12-07,False,
52,오후 3:33,105,크루세이더,,듀파,2024-12-07,False,
56,오후 3:37,,저격수,2910,,2024-12-07,False,
60,오후 3:37,120,크루세이더,2620,오징어,2024-12-07,True,21.833333333333332
60,오후 3:37,,레인저,2620,오징어,2024-12-07,False,
60,오후 3:37,,허밋,2030,오징어,2024-12-07,False,
66,오후 3:38,118,저격수,,망둥어,2024-12-07,False,
66,오후 3:38,124,레인저,,망둥어,2024-12-07,False,
67,오후 3:38,98,불독,,협동,2024-12-07,False,
71,오후 3:38,110,용기사,,골짜기,2024-12-07,False,
71,오후 3:38,110,허밋,,골짜기,2024-12-07,False,
73,오후 3:38,,시프,,,2024-12-07,False,
77,오후 3:38,158,허밋,,위용둥,2024-12-07,False,
77,오후 3:38,161,레인저,,위용둥,2024-12-07,False,
77,오후 3:38,161,크루세이더,,위용둥,2024-12-07,False,
83,오후 3:38,138,용기사,,,2024-12-07,False,
83,오후 3:38,140,썬콜,,,2024-12-07,False,
85,오후 3:38,113,허밋,,듀파,2024-12-07,False,
85,오후 3:38,113,크루세이더,,듀파,2024-12-07,False,
88,오후 3:38,,허밋,1850,불어전,2024-12-07,False,
94,오후 3:39,107,레인저,,망용둥,2024-12-07,False,
94,오후 3:39,107,저격수,,망용둥,2024-12-07,False,
95,오후 3:39,124,썬콜,,레와둥,2024-12-07,False,
98,오후 3:39,145,용기사,,,2024-12-07,False,
99,오후 3:39,145,레인저,,듀파,2024-12-07,False,
99,오후 3:39,145,허밋,,듀파,2024-12-07,False,
105,오후 3:39,105,불독,,와협,2024-12-07,False,
110,오후 3:39,130,레인저,,붉켄,2024-12-07,False,
110,오후 3:39,130,썬콜,,붉켄,2024-12-07,False,
111,오후 3:39,124,용기사,,와협,2024-12-07,False,
111,오후 3:39,134,레인저,,와협,2024-12-07,False,
111,오후 3:39,110,저격수,,와협,2024-12-07,False,
112,오후 3:39,102,레인저,2400,듀파,2024-12-07,True,23.529411764705884
112,오후 3:39,86,크루세이더,3300,듀파,2024-12-07,True,38.372093023255815
117,오후 3:40,111,레인저,,듀파,2024-12-07,False,
117,오후 3:40,95,허밋,,듀파,2024-12-07,False,
117,오후 3:40,94,크루세이더,,듀파,2024-12-07,False,
120,오후 3:40,138,크루세이더,4600,,2024-12-07,True,33.333333333333336
120,오후 3:40,,크루세이더,4600,,2024-12-07,False,
123,오후 3:40,134,용기사,,골짜기,2024-12-07,False,
128,오후 3:40,104,저격수,,붉켄,2024-12-07,False,
128,오후 3:40,104,썬콜,,붉켄,2024-12-07,False,
130,오후 3:40,112,허밋,,망용둥,2024-12-07,False,
131,오후 3:40,132,저격수,,,2024-12-07,False,
131,오후 3:40,140,허밋,,,2024-12-07,False,
134,오후 3:40,122,용기사,,골짜기,2024-12-07,False,
139,오후 3:41,96,레인저,,듀파,2024-12-07,False,
139,오후 3:41,98,용기사,,듀파,2024-12-07,False,
140,오후 3:41,117,크루세이더,4154,,2024-12-07,True,35.504273504273506
140,오후 3:41,,허밋,2100,,2024-12-07,False,
141,오후 3:41,108,레인저,,듀파,2024-12-07,False,
141,오후 3:41,88,용기사,,듀파,2024-12-07,False,
141,오후 3:41,124,나이트,,듀파,2024-12-07,False,
144,오후 3:41,143,프리스트,,불어전,2024-12-07,False,
150,오후 3:41,103,레인저,2400,,2024-12-07,True,23.300970873786408
150,오후 3:41,104,허밋,1870,,2024-12-07,True,17.98076923076923
150,오후 3:41,89,크루세이더,3500,,2024-12-07,True,39.325842696629216
150,오후 3:41,90,나이트,2579,,2024-12-07,True,28.655555555555555
173,오후 3:41,149,크루세이더,4450,망둥어,2024-12-07,True,29.86577181208054
173,오후 3:41,117,레인저,3400,망둥어,2024-12-07,True,29.05982905982906
174,오후 3:41,108,프리스트,,검켄,2024-12-07,False,
175,오후 3:41,,썬콜,795,불어전,2024-12-07,False,
179,오후 3:41,92,허밋,,갈림길,2024-12-07,False,
179,오후 3:41,92,썬콜,,갈림길,2024-12-07,False,
179,오후 3:41,92,프리스트,,갈림길,2024-12-07,False,
180,오후 3:41,117,크루세이더,3900,오징어,2024-12-07,True,33.333333333333336
180,오후 3:41,116,레인저,2450,오징어,2024-12-07,True,21.120689655172413
180,오후 3:41,103,허밋,2164,오징어,2024-12-07,True,21.009708737864077
180,오후 3:41,121,레인저,2322,오징어,2024-12-07,True,19.1900826446281
181,오후 3:41,,프리스트,640,불어전,2024-12-07,False,
190,오후 8:14,104,프리스트,,망용둥,2024-12-07,False,
191,오후 8:14,105,용기사,,,2024-12-07,False,
191,오후 8:14,99,용기사,,,2024-12-07,False,
192,오후 8:14,,프리스트,872,불어전,2024-12-07,False,
194,오후 8:14,,허밋,2110,푸켄,2024-12-07,False,
196,오후 8:14,91,크루세이더,,듀파,2024-12-07,False,
197,오후 8:14,,허밋,2683,불어전,2024-12-07,False,
198,오후 8:14,105,용기사,4500,,2024-12-07,True,42.857142857142854
203,오후 8:14,140,크루세이더,2680,,2024-12-07,True,19.142857142857142
203,오후 8:14,104,허밋,2680,,2024-12-07,True,25.76923076923077
206,오후 8:15,149,허밋,,망용둥,2024-12-07,False,
206,오후 8:15,154,레인저,,망용둥,2024-12-07,False,
206,오후 8:15,153,썬콜,,망용둥,2024-12-07,False,
207,오후 8:15,124,시프,2400,오징어,2024-12-07,True,19.35483870967742
207,오후 8:15,111,크루세이더,3850,오징어,2024-12-07,True,34.68468468468468
207,오후 8:15,116,레인저,2400,오징어,2024-12-07,True,20.689655172413794
207,오후 8:15,111,크루세이더,3270,오징어,2024-12-07,True,29.45945945945946
207,오후 8:15,,레인저,2530,오징어,2024-12-07,False,
209,오후 8:15,154,용기사,,협동,2024-12-07,False,
210,오후 8:15,103,불독,,협동,2024-12-07,False,
213,오후 8:15,140,나이트,,레와둥,2024-12-07,False,
215,오후 8:15,116,프리스트,,검켄,2024-12-07,False,
216,오후 8:15,148,크루세이더,,망둥어,2024-12-07,False,
217,오후 8:15,129,저격수,3000,망둥어,2024-12-07,True,23.25581395348837
217,오후 8:15,112,용기사,4700,망둥어,2024-12-07,True,41.964285714285715
220,오후 8:15,118,허밋,1800,푸켄,2024-12-07,True,15.254237288135593
220,오후 8:15,,허밋,2150,푸켄,2024-12-07,False,
223,오후 8:15,131,용기사,,,2024-12-07,False,
223,오후 8:15,,레인저,2600,,2024-12-07,False,
225,오후 8:15,,허밋,2146,,2024-12-07,False,
227,오후 8:15,135,허밋,,갈림길,2024-12-07,False,
228,오후 8:15,,용기사,4500,망용둥,2024-12-07,False,
230,오후 8:15,,프리스트,896,검켄,2024-12-07,False,
231,오후 8:15,87,크루세이더,,듀파,2024-12-07,False,
231,오후 8:15,91,나이트,,듀파,2024-12-07,False,
237,오후 8:16,111,저격수,,듀파,2024-12-07,False,
237,오후 8:16,88,크루세이더,,듀파,2024-12-07,False,
237,오후 8:16,120,크루세이더,,듀파,2024-12-07,False,
240,오후 8:16,134,불독,,협동,2024-12-07,False,
241,오후 8:16,128,나이트,,협동,2024-12-07,False,
241,오후 8:16,99,불독,,협동,2024-12-07,False,
242,오후 8:16,109,썬콜,,,2024-12-07,False,
242,오후 8:16,109,용기사,,,2024-12-07,False,
246,오후 8:16,126,크루세이더,3900,,2024-12-07,True,30.952380952380953
246,오후 8:16,,크루세이더,3900,,2024-12-07,False,
247,오후 8:16,118,레인저,,듀파,2024-12-07,False,
247,오후 8:16,137,나이트,,듀파,2024-12-07,False,
251,오후 8:16,158,썬콜,,망용둥,2024-12-07,False,
253,오후 8:16,123,용기사,,골짜기,2024-12-07,False,
253,오후 8:16,87,허밋,,골짜기,2024-12-07,False,
254,오후 8:16,133,크루세이더,4600,망둥어,2024-12-07,True,34.58646616541353
254,오후 8:16,123,허밋,2587,망둥어,2024-12-07,True,21.03252032520325
266,오후 8:17,82,시프,,,2024-12-07,False,
266,오후 8:17,82,썬콜,,,2024-12-07,False,
269,오후 8:17,121,나이트,,레와둥,2024-12-07,False,
269,오후 8:17,109,시프,,레와둥,2024-12-07,False,
275,오후 8:17,134,프리스트,810,불어전,2024-12-07,True,6.044776119402985
275,오후 8:17,,프리스트,810,불어전,2024-12-07,False,
277,오후 8:17,127,허밋,,망용둥,2024-12-07,False,
278,오후 8:17,129,크루세이더,4351,,2024-12-07,True,33.72868217054263
278,오후 8:17,,크루세이더,4351,,2024-12-07,False,
279,오후 8:17,,크루세이더,3330,,2024-12-07,False,
283,오후 8:17,,썬콜,766,,2024-12-07,False,
285,오후 8:17,,프리스트,748,검켄,2024-12-07,False,
288,오후 8:18,112,크루세이더,,협동,2024-12-07,False,
291,오후 8:18,130,나이트,,와협,2024-12-07,False,
296,오후 8:18,134,저격수,,와협,2024-12-07,False,
298,오후 8:18,137,크루세이더,,망둥어,2024-12-07,False,
298,오후 8:18,129,크루세이더,,망둥어,2024-12-07,False,
300,오후 8:18,,레인저,2500,와협,2024-12-07,False,
300,오후 8:18,,저격수,2500,와협,2024-12-07,False,
302,오후 8:18,90,저격수,,붉켄,2024-12-07,False,
302,오후 8:18,121,프리스트,,붉켄,2024-12-07,False,
303,오후 8:18,,프리스트,552,듀파,2024-12-07,False,
306,오후 8:18,100,썬콜,,불어전,2024-12-07,False,
311,오후 8:18,,프리스트,800,,2024-12-07,False,
315,오후 8:19,,저격수,3400,,2024-12-07,False,
318,오후 8:19,,프리스트,826,불어전,2024-12-07,False,
320,오후 8:19,,저격수,2700,,2024-12-07,False,
324,오후 8:19,81,프리스트,,,2024-12-07,False,
324,오후 8:19,81,허밋,,,2024-12-07,False,
328,오후 8:19,85,썬콜,,,2024-12-07,False,
328,오후 8:19,85,용기사,,,2024-12-07,False,
331,오후 8:19,,용기사,4100,,2024-12-07,False,
331,오후 8:19,,용기사,4300,,2024-12-07,False,
334,오후 8:20,103,레인저,,와협,2024-12-07,False,
334,오후 8:20,103,저격수,,와협,2024-12-07,False,
338,오후 8:20,106,크루세이더,,불어전,2024-12-07,False,
338,오후 8:20,136,프리스트,,불어전,2024-12-07,False,
338,오후 8:20,136,썬콜,,불어전,2024-12-07,False,
338,오후 8:20,144,저격수,,불어전,2024-12-07,False,
339,오후 8:20,80,썬콜,,망용둥,2024-12-07,False,
339,오후 8:20,80,허밋,,망용둥,2024-12-07,False,
342,오후 10:52,101,프리스트,,붉켄,2024-12-07,False,
343,오후 10:52,123,썬콜,,불어전,2024-12-07,False,
344,오후 10:52,,허밋,2971,망용둥,2024-12-07,False,
345,오후 10:52,89,허밋,,,2024-12-07,False,
346,오후 10:52,121,허밋,,물어전,2024-12-07,False,
348,오후 10:52,102,레인저,,듀파,2024-12-07,False,
348,오후 10:52,95,나이트,,듀파,2024-12-07,False,
348,오후 10:52,95,크루세이더,,듀파,2024-12-07,False,
349,오후 10:52,126,썬콜,,갈림길,2024-12-07,False,
353,오후 10:52,,나이트,4200,불어전,2024-12-07,False,
354,오후 10:52,125,썬콜,,불어전,2024-12-07,False,
355,오후 10:52,,허밋,1750,,2024-12-07,False,
357,오후 10:52,119,프리스트,,,2024-12-07,False,
358,오후 10:52,157,크루세이더,,,2024-12-07,False,
358,오후 10:52,123,크루세이더,,,2024-12-07,False,
361,오후 10:52,,허밋,2800,,2024-12-07,False,
362,오후 10:52,133,프리스트,815,불어전,2024-12-07,True,6.12781954887218
362,오후 10:52,,프리스트,815,불어전,2024-12-07,False,
363,오후 10:52,103,프리스트,,,2024-12-07,False,
363,오후 10:52,103,저격수,2600,,2024-12-07,True,25.24271844660194
363,오후 10:52,114,용기사,3600,,2024-12-07,True,31.57894736842105
363,오후 10:52,114,레인저,,,2024-12-07,False,
363,오후 10:52,,용기사,4205,,2024-12-07,False,
366,오후 10:52,91,레인저,2175,듀파,2024-12-07,True,23.9010989010989
366,오후 10:52,91,시프,2175,듀파,2024-12-07,True,23.9010989010989
366,오후 10:52,112,저격수,2175,듀파,2024-12-07,True,19.419642857142858
366,오후 10:52,98,레인저,2450,듀파,2024-12-07,True,25.0
366,오후 10:52,90,용기사,3450,듀파,2024-12-07,True,38.333333333333336
366,오후 10:52,104,크루세이더,2900,듀파,2024-12-07,True,27.884615384615383
366,오후 10:52,92,크루세이더,3500,듀파,2024-12-07,True,38.04347826086956
366,오후 10:52,97,허밋,1600,듀파,2024-12-07,True,16.49484536082474
366,오후 10:52,96,크루세이더,3027,듀파,2024-12-07,True,31.53125
366,오후 10:52,92,크루세이더,3140,듀파,2024-12-07,True,34.130434782608695
366,오후 10:52,103,용기사,3300,듀파,2024-12-07,True,32.03883495145631
366,오후 10:52,89,크루세이더,3400,듀파,2024-12-07,True,38.20224719101124
368,오후 10:53,128,프리스트,,검켄,2024-12-07,False,
370,오후 10:53,134,크루세이더,,망둥어,2024-12-07,False,
377,오후 10:53,,크루세이더,4780,,2024-12-07,False,
378,오후 10:53,118,썬콜,,와협,2024-12-07,False,
382,오후 10:53,,레인저,2550,와협,2024-12-07,False,
382,오후 10:53,,허밋,2550,와협,2024-12-07,False,
384,오후 10:53,140,저격수,3159,망둥어,2024-12-07,True,22.564285714285713
384,오후 10:53,122,허밋,2553,망둥어,2024-12-07,True,20.92622950819672
384,오후 10:53,,용기사,4168,망둥어,2024-12-07,False,
386,오후 10:53,114,시프,2400,망둥어,2024-12-07,True,21.05263157894737
386,오후 10:53,114,레인저,2400,망둥어,2024-12-07,True,21.05263157894737
386,오후 10:53,,용기사,4000,망둥어,2024-12-07,False,
389,오후 10:53,116,레인저,2500,오징어,2024-12-07,True,21.551724137931036
389,오후 10:53,117,크루세이더,2150,오징어,2024-12-07,True,18.376068376068375
389,오후 10:53,120,레인저,2150,오징어,2024-12-07,True,17.916666666666668
390,오후 10:53,116,허밋,,붉켄,2024-12-07,False,
395,오후 10:53,86,크루세이더,4105,망둥어,2024-12-07,True,47.73255813953488
395,오후 10:53,86,크루세이더,4150,망둥어,2024-12-07,True,48.25581395348837
402,오후 10:54,110,용기사,3850,듀파,2024-12-07,True,35.0
404,오후 10:54,,프리스트,740,검켄,2024-12-07,False,
405,오후 10:54,100,용기사,4030,듀파,2024-12-07,True,40.3
405,오후 10:54,,크루세이더,3312,듀파,2024-12-07,False,
408,오후 10:54,135,프리스트,840,,2024-12-07,True,6.222222222222222
409,오후 10:54,106,썬콜,,골짜기,2024-12-07,False,
409,오후 10:54,100,크루세이더,,골짜기,2024-12-07,False,
414,오후 10:54,115,허밋,3200,,2024-12-07,True,27.82608695652174
414,오후 10:54,133,썬콜,920,,2024-12-07,True,6.917293233082707
414,오후 10:54,157,허밋,,,2024-12-07,False,
414,오후 10:54,105,허밋,,,2024-12-07,False,
417,오후 10:54,133,크루세이더,4312,망둥어,2024-12-07,True,32.421052631578945
417,오후 10:54,130,허밋,2530,망둥어,2024-12-07,True,19.46153846153846
417,오후 10:54,,용기사,4640,망둥어,2024-12-07,False,
420,오후 10:54,120,썬콜,,와협,2024-12-07,False,
427,오후 10:54,94,레인저,,갈림길,2024-12-07,False,
427,오후 10:54,131,프리스트,,갈림길,2024-12-07,False,
437,오후 10:55,88,허밋,,골짜기,2024-12-07,False,
443,오후 10:55,110,썬콜,,,2024-12-07,False,
443,오후 10:55,110,레인저,,,2024-12-07,False,
448,오후 10:55,,프리스트,574,,2024-12-07,False,
448,오후 10:55,,썬콜,574,,2024-12-07,False,
448,오후 10:55,,허밋,1900,,2024-12-07,False,
448,오후 10:55,,썬콜,560,,2024-12-07,False,
448,오후 10:55,,저격수,2099,,2024-12-07,False,
449,오후 10:55,,썬콜,770,불어전,2024-12-07,False,
453,오후 10:56,95,용기사,,오징어,2024-12-07,False,
453,오후 10:56,95,레인저,,오징어,2024-12-07,False,
455,오후 10:56,118,레인저,2550,와협,2024-12-07,True,21.610169491525422
458,오후 10:56,114,나이트,,와협,2024-12-07,False,
458,오후 10:56,114,썬콜,,와협,2024-12-07,False,
463,오후 10:56,109,허밋,,위용둥,2024-12-07,False,
463,오후 10:56,137,허밋,,위용둥,2024-12-07,False,
464,오후 10:56,89,크루세이더,,듀파,2024-12-07,False,
470,오후 10:56,136,프리스트,836,검켄,2024-12-07,True,6.147058823529412
483,오후 10:57,126,허밋,,갈림길,2024-12-07,False,
484,오후 10:57,137,프리스트,,위용둥,2024-12-07,False,
486,오후 10:57,,허밋,2074,,2024-12-07,False,
489,오후 10:57,80,프리스트,,,2024-12-07,False,
490,오후 11:10,137,썬콜,,불어전,2024-12-07,False,
492,오후 11:10,106,용기사,4900,오징어,2024-12-07,True,46.22641509433962
492,오후 11:10,111,허밋,2100,오징어,2024-12-07,True,18.91891891891892
492,오후 11:10,104,허밋,2030,오징어,2024-12-07,True,19.51923076923077
498,오후 11:11,141,허밋,,위용둥,2024-12-07,False,
499,오후 11:11,,썬콜,723,불어전,2024-12-07,False,
499,오후 11:11,,프리스트,790,불어전,2024-12-07,False,
499,오후 11:11,,썬콜,750,불어전,2024-12-07,False,
499,오후 11:11,,프리스트,668,불어전,2024-12-07,False,
499,오후 11:11,,프리스트,840,불어전,2024-12-07,False,
506,오후 11:11,122,저격수,,와협,2024-12-07,False,
509,오후 11:11,105,시프,,망둥어,2024-12-07,False,
510,오후 11:11,138,레인저,2550,와협,2024-12-07,True,18.47826086956522
510,오후 11:11,126,나이트,4250,와협,2024-12-07,True,33.73015873015873
512,오후 11:11,113,레인저,2600,듀파,2024-12-07,True,23.008849557522122
512,오후 11:11,90,레인저,2600,듀파,2024-12-07,True,28.88888888888889
512,오후 11:11,113,나이트,,듀파,2024-12-07,False,
513,오후 11:11,103,크루세이더,3900,,2024-12-07,True,37.86407766990291
514,오후 11:11,108,크루세이더,,망둥어,2024-12-07,False,
516,오후 11:11,,썬콜,835,레와둥,2024-12-07,False,
520,오후 11:11,108,시프,,와협,2024-12-07,False,
520,오후 11:11,111,썬콜,,와협,2024-12-07,False,
526,오후 11:12,138,허밋,,,2024-12-07,False,
526,오후 11:12,138,썬콜,,,2024-12-07,False,
527,오후 11:12,106,허밋,,푸켄,2024-12-07,False,
527,오후 11:12,118,허밋,,푸켄,2024-12-07,False,
528,오후 11:12,,프리스트,813,불어전,2024-12-07,False,
536,오후 11:12,139,시프,,망둥어,2024-12-07,False,
537,오후 11:12,114,허밋,2100,,2024-12-07,True,18.42105263157895
545,오후 11:12,135,레인저,2800,듀파,2024-12-07,True,20.74074074074074
545,오후 11:12,,레인저,2800,듀파,2024-12-07,False,
547,오후 11:13,137,용기사,,협동,2024-12-07,False,
550,오후 11:13,,크루세이더,4200,,2024-12-07,False,
555,오후 11:13,121,크루세이더,4000,망둥어,2024-12-07,True,33.05785123966942
555,오후 11:13,,허밋,2383,망둥어,2024-12-07,False,
562,오후 11:13,,썬콜,700,,2024-12-07,False,
563,오후 11:13,93,허밋,,붉켄,2024-12-07,False,
563,오후 11:13,84,허밋,,붉켄,2024-12-07,False,
563,오후 11:13,113,프리스트,750,붉켄,2024-12-07,True,6.6371681415929205
567,오후 11:13,,허밋,1836,푸켄,2024-12-07,False,
569,오후 11:13,126,용기사,,골짜기,2024-12-07,False,
574,오후 11:13,92,용기사,,,2024-12-07,False,
574,오후 11:13,81,용기사,,,2024-12-07,False,
579,오후 11:14,163,시프,,,2024-12-07,False,
579,오후 11:14,155,프리스트,,,2024-12-07,False,
579,오후 11:14,148,프리스트,,,2024-12-07,False,
583,오후 11:14,114,시프,,와협,2024-12-07,False,
588,오후 11:14,106,프리스트,,망용둥,2024-12-07,False,
590,오후 11:14,,썬콜,767,,2024-12-07,False,
591,오후 11:14,100,썬콜,807,레와둥,2024-12-07,True,8.07
0,오후 5:14,,프리스트,,망둥어,2024-12-08,False,
1,오후 5:14,115,허밋,,위용둥,2024-12-08,False,
1,오후 5:14,115,레인저,,위용둥,2024-12-08,False,
2,오후 5:14,,레인저,,붉켄,2024-12-08,False,
2,오후 5:14,,썬콜,684,붉켄,2024-12-08,False,
2,오후 5:14,,썬콜,709,붉켄,2024-12-08,False,
4,오후 5:14,144,용기사,,협동,2024-12-08,False,
5,오후 5:14,114,레인저,,와협,2024-12-08,False,
5,오후 5:14,,저격수,,와협,2024-12-08,False,
6,오후 5:14,129,나이트,,불어전,2024-12-08,False,
6,오후 5:14,,나이트,,불어전,2024-12-08,False,
7,오후 5:14,115,크루세이더,3730,오징어,2024-12-08,True,32.43478260869565
7,오후 5:14,111,저격수,2764,오징어,2024-12-08,True,24.9009009009009
7,오후 5:14,113,허밋,1930,오징어,2024-12-08,True,17.079646017699115
7,오후 5:14,102,허밋,2000,오징어,2024-12-08,True,19.607843137254903
9,오후 5:14,98,용기사,,협동,2024-12-08,False,
10,오후 5:14,123,크루세이더,,망둥어,2024-12-08,False,
10,오후 5:14,,용기사,,망둥어,2024-12-08,False,
11,오후 5:14,,허밋,,붉켄,2024-12-08,False,
13,오후 5:14,,썬콜,,레와둥,2024-12-08,False,
14,오후 5:14,121,저격수,,망둥어,2024-12-08,False,
14,오후 5:14,128,허밋,,망둥어,2024-12-08,False,
16,오후 5:14,104,레인저,2500,와협,2024-12-08,True,24.03846153846154
18,오후 5:14,114,크루세이더,3800,망둥어,2024-12-08,True,33.333333333333336
18,오후 5:14,,허밋,2150,망둥어,2024-12-08,False,
19,오후 5:14,128,저격수,,망둥어,2024-12-08,False,
22,오후 5:14,118,레인저,,듀파,2024-12-08,False,
22,오후 5:14,86,레인저,,듀파,2024-12-08,False,
22,오후 5:14,110,나이트,,듀파,2024-12-08,False,
22,오후 5:14,88,용기사,,듀파,2024-12-08,False,
24,오후 5:14,100,레인저,2500,듀파,2024-12-08,True,25.0
24,오후 5:14,135,불독,,듀파,2024-12-08,False,
24,오후 5:14,88,나이트,3900,듀파,2024-12-08,True,44.31818181818182
25,오후 5:14,135,허밋,2574,,2024-12-08,True,19.066666666666666
25,오후 5:14,,허밋,2574,,2024-12-08,False,
27,오후 5:15,125,용기사,,,2024-12-08,False,
28,오후 5:15,,레인저,2200,오징어,2024-12-08,False,
28,오후 5:15,,허밋,1980,오징어,2024-12-08,False,
29,오후 5:15,100,레인저,2100,,2024-12-08,True,21.0
29,오후 5:15,,레인저,2100,,2024-12-08,False,
30,오후 5:15,137,용기사,4950,망용둥,2024-12-08,True,36.13138686131387
30,오후 5:15,,용기사,4950,망용둥,2024-12-08,False,
31,오후 5:15,,크루세이더,,,2024-12-08,False,
33,오후 5:15,105,레인저,,듀파,2024-12-08,False,
33,오후 5:15,104,허밋,,듀파,2024-12-08,False,
33,오후 5:15,84,크루세이더,,듀파,2024-12-08,False,
38,오후 5:15,102,썬콜,,붉켄,2024-12-08,False,
39,오후 5:15,155,저격수,,,2024-12-08,False,
43,오후 5:15,122,크루세이더,,골짜기,2024-12-08,False,
43,오후 5:15,113,용기사,,골짜기,2024-12-08,False,
47,오후 5:15,113,레인저,2500,듀파,2024-12-08,True,22.123893805309734
48,오후 5:16,,저격수,2910,와협,2024-12-08,False,
53,오후 5:16,,허밋,2100,불어전,2024-12-08,False,
55,오후 5:16,116,레인저,,듀파,2024-12-08,False,
55,오후 5:16,90,허밋,,듀파,2024-12-08,False,
56,오후 5:16,163,용기사,,,2024-12-08,False,
56,오후 5:16,105,불독,,,2024-12-08,False,
64,오후 5:16,132,프리스트,,듀파,2024-12-08,False,
64,오후 5:16,91,불독,,듀파,2024-12-08,False,
64,오후 5:16,115,크루세이더,4200,듀파,2024-12-08,True,36.52173913043478
64,오후 5:16,,용기사,4200,듀파,2024-12-08,False,
65,오후 5:16,95,허밋,2140,푸켄,2024-12-08,True,22.526315789473685
68,오후 5:16,120,썬콜,,망용둥,2024-12-08,False,
68,오후 5:16,148,저격수,,망용둥,2024-12-08,False,
68,오후 5:16,153,허밋,,망용둥,2024-12-08,False,
68,오후 5:16,146,레인저,,망용둥,2024-12-08,False,
69,오후 5:16,133,썬콜,,,2024-12-08,False,
69,오후 5:16,144,썬콜,,,2024-12-08,False,
70,오후 5:16,114,용기사,,듀파,2024-12-08,False,
71,오후 5:16,122,용기사,,협동,2024-12-08,False,
74,오후 5:16,140,프리스트,880,검켄,2024-12-08,True,6.285714285714286
79,오후 5:17,100,저격수,,,2024-12-08,False,
80,오후 5:17,141,썬콜,,와협,2024-12-08,False,
80,오후 5:17,128,레인저,,와협,2024-12-08,False,
84,오후 5:17,155,용기사,,협동,2024-12-08,False,
84,오후 5:17,102,크루세이더,,협동,2024-12-08,False,
84,오후 5:17,102,불독,,협동,2024-12-08,False,
87,오후 5:17,,썬콜,590,붉켄,2024-12-08,False,
88,오후 5:17,112,크루세이더,,망둥어,2024-12-08,False,
88,오후 5:17,123,시프,,망둥어,2024-12-08,False,
91,오후 5:18,80,프리스트,,,2024-12-08,False,
91,오후 5:18,85,프리스트,,,2024-12-08,False,
91,오후 5:18,82,허밋,,,2024-12-08,False,
91,오후 5:18,83,허밋,,,2024-12-08,False,
91,오후 5:18,96,허밋,,,2024-12-08,False,
93,오후 5:18,100,용기사,,와협,2024-12-08,False,
93,오후 5:18,113,저격수,,와협,2024-12-08,False,
93,오후 5:18,135,레인저,,와협,2024-12-08,False,
96,오후 5:18,105,레인저,2460,듀파,2024-12-08,True,23.428571428571427
96,오후 5:18,110,허밋,1900,듀파,2024-12-08,True,17.272727272727273
96,오후 5:18,90,크루세이더,3639,듀파,2024-12-08,True,40.43333333333333
96,오후 5:18,88,나이트,2750,듀파,2024-12-08,True,31.25
97,오후 5:18,,프리스트,780,검켄,2024-12-08,False,
100,오후 6:17,135,썬콜,,와협,2024-12-08,False,
100,오후 6:17,128,용기사,,와협,2024-12-08,False,
102,오후 6:18,107,허밋,,듀파,2024-12-08,False,
104,오후 6:18,129,프리스트,810,불어전,2024-12-08,True,6.27906976744186
104,오후 6:18,112,프리스트,810,불어전,2024-12-08,True,7.232142857142857
105,오후 6:18,114,불독,,듀파,2024-12-08,False,
105,오후 6:18,126,허밋,2100,듀파,2024-12-08,True,16.666666666666668
105,오후 6:18,85,불독,,듀파,2024-12-08,False,
105,오후 6:18,114,용기사,3138,듀파,2024-12-08,True,27.526315789473685
105,오후 6:18,,용기사,4000,듀파,2024-12-08,False,
108,오후 6:18,100,불독,,협동,2024-12-08,False,
108,오후 6:18,148,불독,,협동,2024-12-08,False,
109,오후 6:18,,허밋,2620,망용둥,2024-12-08,False,
110,오후 6:18,,허밋,1520,듀파,2024-12-08,False,
112,오후 6:18,,허밋,3160,망용둥,2024-12-08,False,
112,오후 6:18,,썬콜,975,망용둥,2024-12-08,False,
115,오후 6:18,80,용기사,,협동,2024-12-08,False,
115,오후 6:18,80,썬콜,,협동,2024-12-08,False,
115,오후 6:18,80,불독,,협동,2024-12-08,False,
117,오후 6:18,151,프리스트,945,불어전,2024-12-08,True,6.258278145695364
117,오후 6:18,,프리스트,945,불어전,2024-12-08,False,
123,오후 6:19,107,레인저,,오징어,2024-12-08,False,
123,오후 6:19,114,저격수,,오징어,2024-12-08,False,
123,오후 6:19,92,허밋,,오징어,2024-12-08,False,
125,오후 6:19,112,레인저,,듀파,2024-12-08,False,
125,오후 6:19,102,허밋,,듀파,2024-12-08,False,
125,오후 6:19,101,용기사,,듀파,2024-12-08,False,
125,오후 6:19,126,크루세이더,,듀파,2024-12-08,False,
129,오후 6:19,,용기사,5400,,2024-12-08,False,
131,오후 6:19,126,용기사,4600,협동,2024-12-08,True,36.507936507936506
131,오후 6:19,130,크루세이더,4200,협동,2024-12-08,True,32.30769230769231
131,오후 6:19,,불독,820,협동,2024-12-08,False,
132,오후 6:19,,시프,,,2024-12-08,False,
133,오후 6:19,109,크루세이더,3600,오징어,2024-12-08,True,33.027522935779814
133,오후 6:19,,크루세이더,3660,오징어,2024-12-08,False,
133,오후 6:19,,레인저,2354,오징어,2024-12-08,False,
133,오후 6:19,,허밋,2300,오징어,2024-12-08,False,
136,오후 6:19,83,썬콜,,붉켄,2024-12-08,False,
137,오후 6:19,135,크루세이더,,갈림길,2024-12-08,False,
139,오후 6:19,99,레인저,,듀파,2024-12-08,False,
139,오후 6:19,93,허밋,,듀파,2024-12-08,False,
139,오후 6:19,93,나이트,,듀파,2024-12-08,False,
139,오후 6:19,86,허밋,,듀파,2024-12-08,False,
140,오후 6:19,107,레인저,2400,오징어,2024-12-08,True,22.429906542056074
140,오후 6:19,,레인저,2400,오징어,2024-12-08,False,
142,오후 6:20,145,시프,,골짜기,2024-12-08,False,
142,오후 6:20,123,허밋,,골짜기,2024-12-08,False,
142,오후 6:20,113,허밋,,골짜기,2024-12-08,False,
143,오후 6:20,123,나이트,3800,,2024-12-08,True,30.89430894308943
143,오후 6:20,,나이트,3800,,2024-12-08,False,
144,오후 6:20,,용기사,4400,협동,2024-12-08,False,
148,오후 6:20,139,용기사,,골짜기,2024-12-08,False,
148,오후 6:20,123,레인저,,골짜기,2024-12-08,False,
148,오후 6:20,135,허밋,,골짜기,2024-12-08,False,
151,오후 6:20,121,허밋,,위용둥,2024-12-08,False,
154,오후 6:20,120,용기사,,,2024-12-08,False,
154,오후 6:20,160,썬콜,,,2024-12-08,False,
154,오후 6:20,110,불독,,,2024-12-08,False,
154,오후 6:20,,불독,,,2024-12-08,False,
156,오후 6:20,135,프리스트,,불어전,2024-12-08,False,
156,오후 6:20,83,용기사,,불어전,2024-12-08,False,
161,오후 6:20,158,허밋,,위용둥,2024-12-08,False,
161,오후 6:20,162,레인저,,위용둥,2024-12-08,False,
161,오후 6:20,131,크루세이더,,위용둥,2024-12-08,False,
164,오후 6:20,100,썬콜,780,붉켄,2024-12-08,True,7.8
165,오후 6:20,100,썬콜,,불어전,2024-12-08,False,
168,오후 6:21,,썬콜,800,협동,2024-12-08,False,
174,오후 6:21,129,크루세이더,,망둥어,2024-12-08,False,
174,오후 6:21,127,허밋,,망둥어,2024-12-08,False,
178,오후 6:21,132,저격수,,듀파,2024-12-08,False,
178,오후 6:21,132,허밋,,듀파,2024-12-08,False,
179,오후 6:21,132,썬콜,,위용둥,2024-12-08,False,
182,오후 6:21,130,허밋,,망용둥,2024-12-08,False,
182,오후 6:21,131,썬콜,,망용둥,2024-12-08,False,
186,오후 6:21,122,시프,,망둥어,2024-12-08,False,
187,오후 6:21,127,불독,,,2024-12-08,False,
189,오후 6:21,125,썬콜,,불어전,2024-12-08,False,
190,오후 6:21,,크루세이더,4300,,2024-12-08,False,
192,오후 6:22,95,허밋,,골짜기,2024-12-08,False,
196,오후 6:22,,썬콜,838,붉켄,2024-12-08,False,
196,오후 6:22,,썬콜,836,붉켄,2024-12-08,False,
198,오후 6:22,,프리스트,877,검켄,2024-12-08,False,
0,오전 12:42,131,용기사,,와협,2024-12-09,False,
0,오전 12:42,98,불독,,와협,2024-12-09,False,
0,오전 12:42,98,레인저,,와협,2024-12-09,False,
0,오전 12:42,,프리스트,,와협,2024-12-09,False,
1,오전 12:42,123,용기사,,망둥어,2024-12-09,False,
2,오전 12:42,,레인저,,붉켄,2024-12-09,False,
3,오전 12:42,111,썬콜,,와협,2024-12-09,False,
4,오전 12:42,117,프리스트,,검켄,2024-12-09,False,
5,오전 12:42,106,썬콜,,불어전,2024-12-09,False,
5,오전 12:42,,썬콜,,불어전,2024-12-09,False,
6,오전 12:42,,허밋,,망용둥,2024-12-09,False,
7,오전 12:42,83,썬콜,,,2024-12-09,False,
7,오전 12:42,83,용기사,4011,,2024-12-09,True,48.325301204819276
8,오전 12:42,143,저격수,3800,망용둥,2024-12-09,True,26.573426573426573
8,오전 12:42,122,썬콜,,망용둥,2024-12-09,False,
8,오전 12:42,122,레인저,,망용둥,2024-12-09,False,
8,오전 12:42,110,용기사,4639,망용둥,2024-12-09,True,42.17272727272727
9,오전 12:42,135,나이트,,,2024-12-09,False,
9,오전 12:42,148,용기사,,,2024-12-09,False,
9,오전 12:42,,크루세이더,,,2024-12-09,False,
9,오전 12:42,,나이트,,,2024-12-09,False,
10,오전 12:42,129,프리스트,,불어전,2024-12-09,False,
10,오전 12:42,135,썬콜,,불어전,2024-12-09,False,
10,오전 12:42,135,용기사,,불어전,2024-12-09,False,
10,오전 12:42,83,용기사,,불어전,2024-12-09,False,
11,오전 12:43,,허밋,2070,검켄,2024-12-09,False,
18,오전 12:43,137,용기사,4950,망용둥,2024-12-09,True,36.13138686131387
18,오전 12:43,,용기사,4950,망용둥,2024-12-09,False,
20,오전 12:43,,프리스트,730,,2024-12-09,False,
21,오전 12:43,164,썬콜,,망용둥,2024-12-09,False,
21,오전 12:43,,용기사,,망용둥,2024-12-09,False,
22,오전 12:43,112,불독,,협동,2024-12-09,False,
22,오전 12:43,80,불독,,협동,2024-12-09,False,
22,오전 12:43,80,프리스트,,협동,2024-12-09,False,
27,오전 12:43,,저격수,2650,와협,2024-12-09,False,
30,오전 12:43,130,허밋,,위용둥,2024-12-09,False,
30,오전 12:43,138,썬콜,,위용둥,2024-12-09,False,
31,오전 12:44,124,허밋,,불어전,2024-12-09,False,
31,오전 12:44,124,프리스트,,불어전,2024-12-09,False,
31,오전 12:44,142,프리스트,,불어전,2024-12-09,False,
33,오전 12:44,91,프리스트,790,,2024-12-09,True,8.68131868131868
34,오전 12:44,94,레인저,,레와둥,2024-12-09,False,
34,오전 12:44,94,썬콜,,레와둥,2024-12-09,False,
35,오전 12:44,156,용기사,,협동,2024-12-09,False,
35,오전 12:44,113,불독,,협동,2024-12-09,False,
35,오전 12:44,102,불독,,협동,2024-12-09,False,
36,오전 12:44,,프리스트,830,불어전,2024-12-09,False,
37,오전 12:44,94,시프,,듀파,2024-12-09,False,
37,오전 12:44,93,레인저,,듀파,2024-12-09,False,
37,오전 12:44,93,허밋,,듀파,2024-12-09,False,
37,오전 12:44,90,크루세이더,,듀파,2024-12-09,False,
37,오전 12:44,112,허밋,,듀파,2024-12-09,False,
39,오전 12:44,100,썬콜,,협동,2024-12-09,False,
40,오전 12:44,103,프리스트,,,2024-12-09,False,
46,오전 12:44,114,레인저,,와협,2024-12-09,False,
49,오전 12:44,95,용기사,,,2024-12-09,False,
51,오전 12:45,102,레인저,,레와둥,2024-12-09,False,
51,오전 12:45,102,썬콜,,레와둥,2024-12-09,False,
52,오전 12:45,121,레인저,2760,망용둥,2024-12-09,True,22.8099173553719
52,오전 12:45,,레인저,2760,망용둥,2024-12-09,False,
53,오전 12:45,117,저격수,,듀파,2024-12-09,False,
54,오전 12:45,144,용기사,,협동,2024-12-09,False,
54,오전 12:45,144,불독,,협동,2024-12-09,False,
54,오전 12:45,,불독,,협동,2024-12-09,False,
55,오전 12:45,134,용기사,,,2024-12-09,False,
57,오전 12:45,136,크루세이더,,협동,2024-12-09,False,
57,오전 12:45,90,불독,,협동,2024-12-09,False,
61,오전 12:45,147,허밋,,위용둥,2024-12-09,False,
61,오전 12:45,137,허밋,,위용둥,2024-12-09,False,
61,오전 12:45,100,용기사,,위용둥,2024-12-09,False,
67,오전 12:46,113,크루세이더,,골짜기,2024-12-09,False,
67,오전 12:46,109,썬콜,,골짜기,2024-12-09,False,
69,오전 12:46,132,용기사,,협동,2024-12-09,False,
69,오전 12:46,90,프리스트,,협동,2024-12-09,False,
75,오전 12:46,110,허밋,2050,망용둥,2024-12-09,True,18.636363636363637
80,오전 12:47,128,허밋,,불어전,2024-12-09,False,
80,오전 12:47,155,프리스트,,불어전,2024-12-09,False,
80,오전 12:47,155,허밋,,불어전,2024-12-09,False,
81,오전 12:47,,프리스트,700,검켄,2024-12-09,False,
85,오전 12:47,103,썬콜,,와협,2024-12-09,False,
85,오전 12:47,103,저격수,2650,와협,2024-12-09,True,25.728155339805824
85,오전 12:47,103,레인저,,와협,2024-12-09,False,
88,오전 12:47,102,시프,,불어전,2024-12-09,False,
88,오전 12:47,114,썬콜,,불어전,2024-12-09,False,
88,오전 12:47,131,허밋,,불어전,2024-12-09,False,
89,오전 12:47,101,레인저,,망용둥,2024-12-09,False,
92,오전 12:47,92,크루세이더,,망둥어,2024-12-09,False,
95,오전 12:48,122,썬콜,900,망용둥,2024-12-09,True,7.377049180327869
99,오전 12:51,153,용기사,5250,,2024-12-09,True,34.31372549019608
99,오전 12:51,,용기사,5800,,2024-12-09,False,
104,오전 12:51,128,썬콜,,불어전,2024-12-09,False,
104,오전 12:51,151,프리스트,,불어전,2024-12-09,False,
111,오전 12:51,,허밋,2630,불어전,2024-12-09,False,
116,오전 12:52,128,레인저,,레와둥,2024-12-09,False,
119,오전 12:52,,시프,,,2024-12-09,False,
123,오전 12:52,103,용기사,,,2024-12-09,False,
123,오전 12:52,160,썬콜,,,2024-12-09,False,
123,오전 12:52,104,불독,,,2024-12-09,False,
124,오전 12:52,,허밋,1910,,2024-12-09,False,
127,오전 12:52,,레인저,2250,,2024-12-09,False,
128,오전 12:52,151,시프,,협동,2024-12-09,False,
128,오전 12:52,90,저격수,,협동,2024-12-09,False,
129,오전 12:52,114,용기사,,와협,2024-12-09,False,
129,오전 12:52,111,레인저,,와협,2024-12-09,False,
130,오전 12:52,103,저격수,,와협,2024-12-09,False,
131,오전 12:52,145,허밋,,위용둥,2024-12-09,False,
131,오전 12:52,137,용기사,,위용둥,2024-12-09,False,
133,오전 12:52,,허밋,2714,망용둥,2024-12-09,False,
136,오전 12:53,138,레인저,2263,골짜기,2024-12-09,True,16.39855072463768
136,오전 12:53,,허밋,2263,골짜기,2024-12-09,False,
136,오전 12:53,,허밋,2900,골짜기,2024-12-09,False,
137,오전 12:53,108,레인저,,듀파,2024-12-09,False,
137,오전 12:53,118,허밋,1600,듀파,2024-12-09,True,13.559322033898304
137,오전 12:53,86,크루세이더,,듀파,2024-12-09,False,
141,오전 12:53,124,레인저,,,2024-12-09,False,
142,오전 12:53,128,시프,,붉켄,2024-12-09,False,
143,오전 12:53,141,크루세이더,3753,망둥어,2024-12-09,True,26.617021276595743
143,오전 12:53,,허밋,2700,망둥어,2024-12-09,False,
147,오전 12:53,95,썬콜,638,붉켄,2024-12-09,True,6.71578947368421
147,오전 12:53,,썬콜,638,붉켄,2024-12-09,False,
149,오전 12:53,,저격수,,붉켄,2024-12-09,False,
156,오전 2:04,124,불독,,듀파,2024-12-09,False,
158,오전 2:04,,허밋,2050,망용둥,2024-12-09,False,
159,오전 2:04,,레인저,3250,망용둥,2024-12-09,False,
161,오전 2:04,97,레인저,,,2024-12-09,False,
161,오전 2:04,97,썬콜,,,2024-12-09,False,
164,오전 2:05,,허밋,2120,듀파,2024-12-09,False,
165,오전 2:05,105,불독,,듀파,2024-12-09,False,
165,오전 2:05,112,허밋,1650,듀파,2024-12-09,True,14.732142857142858
173,오전 2:05,99,불독,,협동,2024-12-09,False,
175,오전 2:05,119,저격수,,위용둥,2024-12-09,False,
175,오전 2:05,119,허밋,,위용둥,2024-12-09,False,
176,오전 2:05,151,허밋,,망용둥,2024-12-09,False,
176,오전 2:05,148,크루세이더,,망용둥,2024-12-09,False,
179,오전 2:06,121,허밋,2190,망용둥,2024-12-09,True,18.09917355371901
179,오전 2:06,,허밋,2190,망용둥,2024-12-09,False,
183,오전 2:06,130,용기사,,,2024-12-09,False,
187,오전 2:06,92,용기사,,듀파,2024-12-09,False,
193,오전 2:07,80,썬콜,,,2024-12-09,False,
193,오전 2:07,80,용기사,,,2024-12-09,False,
193,오전 2:07,87,용기사,,,2024-12-09,False,
200,오전 2:07,128,프리스트,,불어전,2024-12-09,False,
200,오전 2:07,121,허밋,,불어전,2024-12-09,False,
200,오전 2:07,122,프리스트,,불어전,2024-12-09,False,
201,오전 2:07,95,레인저,,듀파,2024-12-09,False,
201,오전 2:07,95,허밋,,듀파,2024-12-09,False,
208,오전 2:07,145,용기사,,와협,2024-12-09,False,
208,오전 2:07,145,레인저,,와협,2024-12-09,False,
208,오전 2:07,105,레인저,,와협,2024-12-09,False,
210,오전 2:08,110,시프,,망용둥,2024-12-09,False,
210,오전 2:08,110,레인저,,망용둥,2024-12-09,False,
210,오전 2:08,116,허밋,,망용둥,2024-12-09,False,
210,오전 2:08,105,허밋,,망용둥,2024-12-09,False,
220,오전 2:08,93,썬콜,,골짜기,2024-12-09,False,
220,오전 2:08,93,허밋,2263,골짜기,2024-12-09,True,24.333333333333332
224,오전 2:08,83,허밋,,,2024-12-09,False,
224,오전 2:08,101,프리스트,,,2024-12-09,False,
225,오전 2:08,96,허밋,,붉켄,2024-12-09,False,
225,오전 2:08,89,썬콜,,붉켄,2024-12-09,False,
226,오전 2:08,,허밋,2550,불어전,2024-12-09,False,
227,오전 2:08,154,허밋,,망용둥,2024-12-09,False,
227,오전 2:08,156,썬콜,,망용둥,2024-12-09,False,
228,오전 2:08,154,레인저,,망용둥,2024-12-09,False,
228,오전 2:08,151,레인저,,망용둥,2024-12-09,False,
229,오전 2:09,92,레인저,,듀파,2024-12-09,False,
229,오전 2:09,86,허밋,1600,듀파,2024-12-09,True,18.6046511627907
230,오전 2:09,101,용기사,,협동,2024-12-09,False,
236,오전 2:09,97,시프,,듀파,2024-12-09,False,
237,오전 2:09,136,레인저,3200,망용둥,2024-12-09,True,23.529411764705884
237,오전 2:09,,레인저,3200,망용둥,2024-12-09,False,
238,오전 2:09,,레인저,2900,검켄,2024-12-09,False,
240,오전 2:09,127,레인저,,,2024-12-09,False,
240,오전 2:09,97,나이트,,,2024-12-09,False,
241,오전 2:09,130,프리스트,816,불어전,2024-12-09,True,6.276923076923077
244,오전 2:09,147,용기사,,,2024-12-09,False,
245,오전 2:09,133,허밋,,망용둥,2024-12-09,False,
245,오전 2:09,157,썬콜,,망용둥,2024-12-09,False,
247,오전 2:09,129,크루세이더,,망둥어,2024-12-09,False,
247,오전 2:09,134,허밋,,망둥어,2024-12-09,False,
248,오전 2:09,,썬콜,900,망용둥,2024-12-09,False,
249,오전 2:09,98,레인저,2300,듀파,2024-12-09,True,23.46938775510204
255,오후 7:09,,프리스트,828,검켄,2024-12-09,False,
256,오후 7:09,,허밋,2600,,2024-12-09,False,
257,오후 7:09,163,허밋,,망용둥,2024-12-09,False,
257,오후 7:09,138,크루세이더,,망용둥,2024-12-09,False,
265,오후 7:09,,허밋,2000,망용둥,2024-12-09,False,
266,오후 7:09,112,레인저,,레와둥,2024-12-09,False,
267,오후 7:09,95,저격수,,,2024-12-09,False,
267,오후 7:09,95,썬콜,,,2024-12-09,False,
270,오후 7:10,133,크루세이더,,,2024-12-09,False,
275,오후 7:10,99,허밋,1580,듀파,2024-12-09,True,15.95959595959596
278,오후 7:10,102,용기사,,오징어,2024-12-09,False,
278,오후 7:10,118,레인저,,오징어,2024-12-09,False,
278,오후 7:10,110,크루세이더,,오징어,2024-12-09,False,
278,오후 7:10,111,허밋,,오징어,2024-12-09,False,
280,오후 7:10,141,크루세이더,4270,,2024-12-09,True,30.28368794326241
283,오후 7:10,123,프리스트,700,검켄,2024-12-09,True,5.691056910569106
285,오후 7:10,127,썬콜,795,레와둥,2024-12-09,True,6.25984251968504
285,오후 7:10,,썬콜,795,레와둥,2024-12-09,False,
286,오후 7:10,106,나이트,,불어전,2024-12-09,False,
288,오후 7:10,105,썬콜,,불어전,2024-12-09,False,
298,오후 7:10,116,썬콜,728,불어전,2024-12-09,True,6.275862068965517
298,오후 7:10,,썬콜,728,불어전,2024-12-09,False,
299,오후 7:11,,썬콜,857,,2024-12-09,False,
302,오후 7:11,118,크루세이더,,오징어,2024-12-09,False,
303,오후 7:11,134,썬콜,,망용둥,2024-12-09,False,
303,오후 7:11,142,레인저,,망용둥,2024-12-09,False,
307,오후 7:11,,저격수,3200,,2024-12-09,False,
310,오후 7:11,113,나이트,,불어전,2024-12-09,False,
313,오후 7:11,96,저격수,,,2024-12-09,False,
313,오후 7:11,100,저격수,,,2024-12-09,False,
318,오후 7:11,90,레인저,,,2024-12-09,False,
321,오후 7:11,91,허밋,,듀파,2024-12-09,False,
321,오후 7:11,91,크루세이더,,듀파,2024-12-09,False,
321,오후 7:11,91,나이트,,듀파,2024-12-09,False,
325,오후 7:11,118,썬콜,,갈림길,2024-12-09,False,
325,오후 7:11,88,허밋,,갈림길,2024-12-09,False,
326,오후 7:11,118,용기사,4330,,2024-12-09,True,36.69491525423729
327,오후 7:11,145,프리스트,,불어전,2024-12-09,False,
329,오후 7:11,110,허밋,,듀파,2024-12-09,False,
333,오후 7:12,127,저격수,,골짜기,2024-12-09,False,
334,오후 7:12,85,용기사,,물어전,2024-12-09,False,
337,오후 7:12,133,레인저,,,2024-12-09,False,
337,오후 7:12,132,썬콜,,,2024-12-09,False,
337,오후 7:12,110,썬콜,,,2024-12-09,False,
340,오후 7:12,117,레인저,,와협,2024-12-09,False,
344,오후 7:12,115,크루세이더,,망용둥,2024-12-09,False,
344,오후 7:12,115,썬콜,,망용둥,2024-12-09,False,
348,오후 7:12,92,허밋,,붉켄,2024-12-09,False,
362,오후 7:12,122,저격수,,듀파,2024-12-09,False,
364,오후 7:13,105,저격수,2350,오징어,2024-12-09,True,22.38095238095238
364,오후 7:13,,레인저,2350,오징어,2024-12-09,False,
368,오후 7:13,113,레인저,,와협,2024-12-09,False,
368,오후 7:13,132,저격수,,와협,2024-12-09,False,
368,오후 7:13,102,저격수,,와협,2024-12-09,False,
371,오후 7:13,113,크루세이더,3800,,2024-12-09,True,33.6283185840708
372,오후 7:13,119,크루세이더,,듀파,2024-12-09,False,
373,오후 7:13,109,레인저,,레와둥,2024-12-09,False,
373,오후 7:13,100,레인저,,레와둥,2024-12-09,False,
380,오후 7:13,155,허밋,2850,망용둥,2024-12-09,True,18.387096774193548
380,오후 7:13,,허밋,2850,망용둥,2024-12-09,False,
383,오후 7:13,139,허밋,,위용둥,2024-12-09,False,
384,오후 7:13,82,크루세이더,,,2024-12-09,False,
386,오후 7:13,,허밋,3170,망용둥,2024-12-09,False,
388,오후 7:14,99,크루세이더,,와협,2024-12-09,False,
392,오후 7:14,132,레인저,,레와둥,2024-12-09,False,
396,오후 7:14,115,크루세이더,3700,망둥어,2024-12-09,True,32.17391304347826
396,오후 7:14,,레인저,2560,망둥어,2024-12-09,False,
400,오후 7:14,146,썬콜,,레와둥,2024-12-09,False,
402,오후 7:14,144,프리스트,,,2024-12-09,False,
404,오후 7:14,110,저격수,,와협,2024-12-09,False,
404,오후 7:14,122,크루세이더,,와협,2024-12-09,False,
404,오후 7:14,107,저격수,,와협,2024-12-09,False,
407,오후 7:14,115,허밋,2081,망용둥,2024-12-09,True,18.095652173913045
407,오후 7:14,,허밋,2081,망용둥,2024-12-09,False,
411,오후 7:14,137,프리스트,849,,2024-12-09,True,6.197080291970803
416,오후 7:15,146,프리스트,,와협,2024-12-09,False,
419,오후 7:15,107,레인저,,와협,2024-12-09,False,
423,오후 7:15,89,레인저,,듀파,2024-12-09,False,
423,오후 7:15,89,허밋,,듀파,2024-12-09,False,
423,오후 7:15,89,크루세이더,,듀파,2024-12-09,False,
423,오후 7:15,89,나이트,,듀파,2024-12-09,False,
428,오후 7:15,,용기사,4153,듀파,2024-12-09,False,
433,오후 7:15,,썬콜,866,불어전,2024-12-09,False,
434,오후 7:15,,썬콜,810,검켄,2024-12-09,False,
437,오후 7:15,,크루세이더,3753,망둥어,2024-12-09,False,
441,오후 7:16,,허밋,1980,망용둥,2024-12-09,False,
442,오후 7:16,124,크루세이더,,망둥어,2024-12-09,False,
448,오후 7:16,109,레인저,2510,듀파,2024-12-09,True,23.027522935779817
448,오후 7:16,92,레인저,2510,듀파,2024-12-09,True,27.282608695652176
448,오후 7:16,101,용기사,3250,듀파,2024-12-09,True,32.17821782178218
448,오후 7:16,96,용기사,3550,듀파,2024-12-09,True,36.979166666666664
448,오후 7:16,108,허밋,1674,듀파,2024-12-09,True,15.5
448,오후 7:16,91,허밋,2110,듀파,2024-12-09,True,23.186813186813186
448,오후 7:16,105,허밋,1500,듀파,2024-12-09,True,14.285714285714286
448,오후 7:16,96,크루세이더,3550,듀파,2024-12-09,True,36.979166666666664
448,오후 7:16,112,나이트,2742,듀파,2024-12-09,True,24.482142857142858
452,오후 7:16,,나이트,2400,골짜기,2024-12-09,False,
452,오후 7:16,,레인저,2400,골짜기,2024-12-09,False,
452,오후 7:16,,허밋,2300,골짜기,2024-12-09,False,
1,오전 12:00,121,레인저,,,2024-12-10,False,
1,오전 12:00,107,용기사,,,2024-12-10,False,
1,오전 12:00,,프리스트,,,2024-12-10,False,
2,오전 12:00,117,용기사,,망둥어,2024-12-10,False,
2,오전 12:00,,용기사,,망둥어,2024-12-10,False,
3,오전 12:00,110,썬콜,,망둥어,2024-12-10,False,
7,오전 12:01,84,허밋,,붉켄,2024-12-10,False,
7,오전 12:01,93,썬콜,650,붉켄,2024-12-10,True,6.989247311827957
7,오전 12:01,94,프리스트,650,붉켄,2024-12-10,True,6.914893617021277
7,오전 12:01,,썬콜,650,붉켄,2024-12-10,False,
9,오전 12:01,120,용기사,,협동,2024-12-10,False,
9,오전 12:01,120,레인저,,협동,2024-12-10,False,
10,오전 12:01,,나이트,3000,와협,2024-12-10,False,
10,오전 12:01,,레인저,3000,와협,2024-12-10,False,
10,오전 12:01,,레인저,2800,와협,2024-12-10,False,
10,오전 12:01,,저격수,,와협,2024-12-10,False,
12,오전 12:01,,용기사,5400,불어전,2024-12-10,False,
12,오전 12:01,,용기사,6000,불어전,2024-12-10,False,
13,오전 12:01,97,허밋,,푸켄,2024-12-10,False,
14,오전 12:01,,허밋,,불어전,2024-12-10,False,
15,오전 12:01,128,프리스트,,검켄,2024-12-10,False,
15,오전 12:01,117,프리스트,,검켄,2024-12-10,False,
15,오전 12:01,137,프리스트,,검켄,2024-12-10,False,
16,오전 12:01,127,용기사,,협동,2024-12-10,False,
16,오전 12:01,135,썬콜,848,협동,2024-12-10,True,6.281481481481482
16,오전 12:01,100,불독,,협동,2024-12-10,False,
16,오전 12:01,80,프리스트,,협동,2024-12-10,False,
18,오전 12:01,131,레인저,,망둥어,2024-12-10,False,
18,오전 12:01,131,허밋,,망둥어,2024-12-10,False,
22,오전 12:01,128,용기사,3200,,2024-12-10,True,25.0
22,오전 12:01,131,저격수,,,2024-12-10,False,
23,오전 12:01,,허밋,2450,망용둥,2024-12-10,False,
26,오전 12:01,147,썬콜,910,불어전,2024-12-10,True,6.190476190476191
26,오전 12:01,147,프리스트,910,불어전,2024-12-10,True,6.190476190476191
26,오전 12:01,,썬콜,910,불어전,2024-12-10,False,
26,오전 12:01,,프리스트,910,불어전,2024-12-10,False,
32,오전 12:01,146,크루세이더,,망둥어,2024-12-10,False,
32,오전 12:01,149,허밋,,망둥어,2024-12-10,False,
32,오전 12:01,,크루세이더,,망둥어,2024-12-10,False,
34,오전 12:02,116,레인저,,레와둥,2024-12-10,False,
34,오전 12:02,,썬콜,,레와둥,2024-12-10,False,
36,오전 12:02,93,나이트,,레와둥,2024-12-10,False,
36,오전 12:02,93,썬콜,,레와둥,2024-12-10,False,
41,오전 12:02,95,레인저,,붉켄,2024-12-10,False,
41,오전 12:02,99,레인저,,붉켄,2024-12-10,False,
42,오전 12:02,119,용기사,,협동,2024-12-10,False,
43,오전 12:02,,허밋,2200,,2024-12-10,False,
47,오전 12:02,113,허밋,,,2024-12-10,False,
50,오전 12:02,126,크루세이더,,망둥어,2024-12-10,False,
50,오전 12:02,80,크루세이더,,망둥어,2024-12-10,False,
57,오전 12:03,,허밋,2600,망용둥,2024-12-10,False,
61,오전 12:03,,용기사,4218,불어전,2024-12-10,False,
62,오전 12:03,154,시프,,,2024-12-10,False,
62,오전 12:03,128,썬콜,,,2024-12-10,False,
62,오전 12:03,80,썬콜,,,2024-12-10,False,
64,오전 12:03,127,크루세이더,3950,,2024-12-10,True,31.10236220472441
64,오전 12:03,,크루세이더,3950,,2024-12-10,False,
70,오전 12:03,,나이트,,불어전,2024-12-10,False,
71,오전 12:03,104,프리스트,,,2024-12-10,False,
72,오전 12:03,105,레인저,,레와둥,2024-12-10,False,
72,오전 12:03,105,썬콜,,레와둥,2024-12-10,False,
72,오전 12:03,102,썬콜,,레와둥,2024-12-10,False,
72,오전 12:03,,시프,,레와둥,2024-12-10,False,
74,오전 12:03,95,저격수,,붉켄,2024-12-10,False,
74,오전 12:03,91,저격수,,붉켄,2024-12-10,False,
79,오전 12:04,,용기사,4200,,2024-12-10,False,
83,오전 12:03,132,허밋,,불어전,2024-12-10,False,
84,오전 12:04,117,레인저,,,2024-12-10,False,
84,오전 12:04,,레인저,,,2024-12-10,False,
85,오전 12:04,,허밋,2460,망용둥,2024-12-10,False,
86,오전 12:04,123,저격수,3100,,2024-12-10,True,25.203252032520325
86,오전 12:04,,저격수,3100,,2024-12-10,False,
87,오전 12:04,111,용기사,,협동,2024-12-10,False,
87,오전 12:04,111,크루세이더,,협동,2024-12-10,False,
87,오전 12:04,111,불독,,협동,2024-12-10,False,
88,오전 12:04,92,썬콜,,,2024-12-10,False,
88,오전 12:04,92,허밋,,,2024-12-10,False,
90,오전 12:04,133,허밋,,망용둥,2024-12-10,False,
90,오전 12:04,136,썬콜,,망용둥,2024-12-10,False,
90,오전 12:04,142,저격수,,망용둥,2024-12-10,False,
90,오전 12:04,130,허밋,,망용둥,2024-12-10,False,
94,오전 12:04,103,크루세이더,3900,오징어,2024-12-10,True,37.86407766990291
94,오전 12:04,114,레인저,2350,오징어,2024-12-10,True,20.614035087719298
94,오전 12:04,105,크루세이더,3650,오징어,2024-12-10,True,34.76190476190476
94,오전 12:04,112,허밋,2000,오징어,2024-12-10,True,17.857142857142858
94,오전 12:04,,크루세이더,3800,오징어,2024-12-10,False,
94,오전 12:04,,썬콜,871,오징어,2024-12-10,False,
96,오전 12:04,,크루세이더,4786,,2024-12-10,False,
96,오전 12:04,,용기사,4786,,2024-12-10,False,
99,오전 12:08,190,크루세이더,4000,,2024-12-10,True,21.05263157894737
106,오전 12:08,127,썬콜,,골짜기,2024-12-10,False,
106,오전 12:08,94,허밋,,골짜기,2024-12-10,False,
111,오전 12:09,,썬콜,900,망용둥,2024-12-10,False,
121,오전 12:09,119,크루세이더,,망둥어,2024-12-10,False,
121,오전 12:09,102,용기사,,망둥어,2024-12-10,False,
123,오전 12:03,141,허밋,,불어전,2024-12-10,False,
130,오전 12:09,100,썬콜,,불어전,2024-12-10,False,
137,오전 12:10,134,허밋,,위용둥,2024-12-10,False,
137,오전 12:10,134,썬콜,,위용둥,2024-12-10,False,
140,오전 12:10,120,썬콜,720,불어전,2024-12-10,True,6.0
140,오전 12:10,112,허밋,2200,불어전,2024-12-10,True,19.642857142857142
144,오전 12:10,118,시프,,레와둥,2024-12-10,False,
144,오전 12:10,139,썬콜,732,레와둥,2024-12-10,True,5.266187050359712
144,오전 12:10,93,썬콜,877,레와둥,2024-12-10,True,9.43010752688172
148,오전 12:10,146,허밋,,망용둥,2024-12-10,False,
148,오전 12:10,153,저격수,,망용둥,2024-12-10,False,
148,오전 12:10,153,썬콜,,망용둥,2024-12-10,False,
148,오전 12:10,141,시프,,망용둥,2024-12-10,False,
148,오전 12:10,105,허밋,,망용둥,2024-12-10,False,
151,오전 12:11,141,크루세이더,,망둥어,2024-12-10,False,
151,오전 12:11,141,레인저,,망둥어,2024-12-10,False,
156,오전 12:11,95,허밋,,붉켄,2024-12-10,False,
160,오전 12:11,,허밋,1800,,2024-12-10,False,
162,오전 12:11,110,허밋,2800,망용둥,2024-12-10,True,25.454545454545453
164,오전 12:11,99,프리스트,,붉켄,2024-12-10,False,
165,오전 12:11,145,허밋,,불어전,2024-12-10,False,
165,오전 12:11,145,프리스트,,불어전,2024-12-10,False,
165,오전 12:11,138,크루세이더,,불어전,2024-12-10,False,
165,오전 12:11,138,허밋,,불어전,2024-12-10,False,
168,오전 12:11,126,크루세이더,4181,협동,2024-12-10,True,33.182539682539684
168,오전 12:11,,크루세이더,4181,협동,2024-12-10,False,
173,오전 12:12,85,나이트,,듀파,2024-12-10,False,
176,오전 12:12,,썬콜,851,망용둥,2024-12-10,False,
180,오전 12:12,158,프리스트,971,불어전,2024-12-10,True,6.1455696202531644
185,오전 12:12,114,썬콜,,,2024-12-10,False,
186,오전 12:12,89,썬콜,,,2024-12-10,False,
186,오전 12:12,89,용기사,,,2024-12-10,False,
186,오전 12:12,88,용기사,,,2024-12-10,False,
187,오전 12:12,,프리스트,800,불어전,2024-12-10,False,
189,오전 12:12,149,레인저,,위용둥,2024-12-10,False,
195,오전 12:13,92,용기사,,,2024-12-10,False,
195,오전 12:13,93,용기사,,,2024-12-10,False,
196,오전 12:13,,불독,,협동,2024-12-10,False,
197,오전 12:13,135,프리스트,835,,2024-12-10,True,6.185185185185185
198,오전 12:13,138,용기사,,골짜기,2024-12-10,False,
198,오전 12:13,109,썬콜,,골짜기,2024-12-10,False,
199,오전 12:13,118,저격수,,갈림길,2024-12-10,False,
